<?xml version="1.0" encoding="UTF-8"?>
<beans xmlns="http://www.springframework.org/schema/beans"
	xmlns:xsi="http://www.w3.org/2001/XMLSchema-instance"
	xmlns:context="http://www.springframework.org/schema/context"
	xmlns:lang="http://www.springframework.org/schema/lang"
	xsi:schemaLocation="http://www.springframework.org/schema/beans http://www.springframework.org/schema/beans/spring-beans.xsd
		http://www.springframework.org/schema/context http://www.springframework.org/schema/context/spring-context-4.3.xsd
		http://www.springframework.org/schema/lang http://www.springframework.org/schema/lang/spring-lang-4.3.xsd">

	<!--Setter Injection -->
	<!-- <bean id="cust" class="spring.Customer"> <property name="custId" value="1001"></property> 
		<property name="custName" value="Bhawana"></property> <property name="address" 
		ref="add"></property> </bean> <bean id="add" class="spring.Address"> <property 
		name="city" value="pune"></property> <property name="state" value="MH"></property> 
		</bean> -->






	<bean id="cust2" class="spring.Customer">
		<constructor-arg value="1201">
		</constructor-arg>
		<constructor-arg value="Ruchita">
		</constructor-arg>
		<constructor-arg value="ruchita@cituis">
		</constructor-arg>
		<constructor-arg value="MP">
		</constructor-arg>
		<constructor-arg value="Mumbai">
		</constructor-arg>
		<constructor-arg value="MCA">
		</constructor-arg>
		<constructor-arg value="female">
		</constructor-arg>

		<constructor-arg>
			<ref bean="add"></ref>
		</constructor-arg>

		<constructor-arg>
			<list>
				<ref bean="phno1" />
				<ref bean="phno2" />
				<ref bean="phno3" />

			</list>
		</constructor-arg>
	</bean>
	<constructor-arg>
		<ref bean="pass" />
	</constructor-arg>

	<bean id="pass" class="spring.passport"></bean>

	<bean id="add" class="spring.Address">
		<constructor-arg value="Mumbai"></constructor-arg>
		<constructor-arg value="Maharashtra"></constructor-arg>
	</bean>


	<bean id="phno1" class="spring.PhoneNumbers">
		<constructor-arg value="123456"></constructor-arg>
	</bean>

	<bean id="phno2" class="spring.PhoneNumbers">
		<constructor-arg value="99999"></constructor-arg>
	</bean>

	<bean id="phno3" class="spring.PhoneNumbers">
		<constructor-arg value="88888"></constructor-arg>
	</bean>
</beans>
