<?xml version="1.0" encoding="UTF-8"?>
<beans xmlns="http://www.springframework.org/schema/beans"
	xmlns:xsi="http://www.w3.org/2001/XMLSchema-instance"
	xmlns:context="http://www.springframework.org/schema/context"
	xmlns:lang="http://www.springframework.org/schema/lang"
	xsi:schemaLocation="http://www.springframework.org/schema/beans http://www.springframework.org/schema/beans/spring-beans.xsd
		http://www.springframework.org/schema/context http://www.springframework.org/schema/context/spring-context-4.3.xsd
		http://www.springframework.org/schema/lang http://www.springframework.org/schema/lang/spring-lang-4.3.xsd">

<!--Setter Injection  -->
<bean id="cust" class="spring.Customer">
<property name="custId" value="1001"></property>
<property name="custName" value="Bhawana"></property>
</bean>


<!--Constructor Injection  -->
<bean id="cust2" class="spring.Customer">
<constructor-arg value="23"> </constructor-arg>
<constructor-arg value="Ruchita"> </constructor-arg>
</bean>
</beans>
