<?xml version="1.0" encoding="UTF-8"?>
<beans xmlns="http://www.springframework.org/schema/beans"
	xmlns:xsi="http://www.w3.org/2001/XMLSchema-instance"
	xmlns:context="http://www.springframework.org/schema/context"
	xmlns:lang="http://www.springframework.org/schema/lang"
	xsi:schemaLocation="http://www.springframework.org/schema/beans http://www.springframework.org/schema/beans/spring-beans.xsd
		http://www.springframework.org/schema/context http://www.springframework.org/schema/context/spring-context-4.3.xsd
		http://www.springframework.org/schema/lang http://www.springframework.org/schema/lang/spring-lang-4.3.xsd">

<context:annotation-config/>


<!--Setter Injection  -->
<bean id="cust" class="spring.Customer">
<property name="custId" value="1001"></property>
<property name="custName" value="Bhawana"></property>
<!-- <property name="address" ref="add"></property> -->
</bean>



<bean id="add1" class="spring.Address">
<property name="city" value="Delhi"></property>
<property name="state" value="Delhi"></property>
</bean>

<bean id="add2" class="spring.Address">
<property name="city" value="pune"></property>
<property name="state" value="MH"></property>

</bean>

<bean id="phno" class="spring.PhoneNumbers">
<constructor-arg value="123456"></constructor-arg>
</bean>

<bean id="phno2" class="spring.PhoneNumbers">
<constructor-arg value="99999"></constructor-arg>
</bean>



<!-- <bean id="cust2" class="spring.Customer" autowire="constructor">
<constructor-arg value="1201"> </constructor-arg>
<constructor-arg value="Ruchita"> </constructor-arg>

</bean> 

<bean id="add" class="spring.Address">
<constructor-arg value="Mumbai"></constructor-arg>
<constructor-arg value="Maharashtra"></constructor-arg>
</bean> -->
</beans>
